Year,Population,Population_Index
2000,1057922733,100.0
2001,1077898575,101.89
2002,1097600380,103.75
2003,1116803006,105.57
2004,1135991513,107.38
2005,1154676322,109.15
2006,1172878890,110.87
2007,1190676021,112.55
2008,1207930964,114.18
2009,1225524753,115.84
2010,1243481564,117.54
2011,1261224954,119.22
2012,1278674502,120.87
2013,1295829511,122.49
2014,1312277191,124.04
2015,1328024498,125.53
2016,1343944296,127.04
2017,1359657400,128.52
2018,1374659064,129.94
2019,1389030312,131.3
2020,1402617695,132.58
2021,1414203896,133.68
2022,1425423212,134.74
2023,1438069596,135.93
2024,1450935791,137.15
2025,1463865525,138.37
