Year,GDP
2000,800534479629.68
2001,839151992858.488
2002,871073127574.186
2003,939542798331.655
2004,1013982178696.23
2005,1094324353137.75
2006,1182534912725.95
2007,1273126725470.22
2008,1312424303400.29
2009,1415605643151.34
2010,1535897931719.55
2011,1616399198833.97
2012,1704596203504.08
2013,1813453530765.84
2014,1947834564909.58
2015,2103588360044.94
2016,2277267041549.85
2017,2432016068498.23
2018,2588974770244.48
2019,2689205295885.26
2020,2533830417086.36
2021,2779348258938.28
2022,2990839011962.06
2023,3206485223026.3
2024,3434122552914.77
2025,3693970992045.56
