YEAR,DATASET,SATELLITE,MEAN NTL,MIN,MAX,STD DEV
2000,DMSP Stable Lights,F15,1.2734063,0,63,4.122654
2001,DMSP Stable Lights,F15,1.246792395,0,63,4.126208467
2002,DMSP Stable Lights,F15,1.227899973,0,63,4.003686036
2003,DMSP Stable Lights,F15,1.184826608,0,63,3.982627817
2004,DMSP Stable Lights,F15,1.157702993,0,63,3.8857726
2005,DMSP Stable Lights,F15,1.181510821,0,63,3.936722345
2006,DMSP Stable Lights,F15,1.212502336,0,63,4.078584526
2007,DMSP Stable Lights,F15,1.271790789,0,63,4.16714602
2008,DMSP Stable Lights,F16,1.346042926,0,63,4.340879921
2009,DMSP Stable Lights,F16,1.391931186,0,63,4.649583506
2010,DMSP Stable Lights,F18,1.554381764,0,60.15517426,4.748060306
2011,DMSP Stable Lights,F18,1.543938334,0,63,4.793551186
2012,DMSP Stable Lights,F18,1.537559454,0,61.53946686,4.926209572
2013,DMSP Stable Lights,F18,1.596591567,0,59.40342712,4.99761347
